id_parroquia,parroquia,id_zona,codigo,zona
ad9bf350-e51b-4562-acb9-b383933d55fb,ABDON CALDERON / LA UNION,null,null,null
beb1efa4-2048-438e-b5da-ddd57d9b52f9,AMALUZA,853dcd70-fc01-4610-abd5-de5627ef8dc2,1,AMALUZA
beb1efa4-2048-438e-b5da-ddd57d9b52f9,AMALUZA,2b0f771a-4dc8-47b3-9a05-d02e09df1d68,2,SANTA RITA
e7a47077-8d21-43cb-bc6f-494792226a9c,ASUNCION,e2858a7f-b7c8-4ae9-ac1a-04193f873baf,1,LA ASUNCION
e7a47077-8d21-43cb-bc6f-494792226a9c,ASUNCION,cc9b9e1d-8b68-48ef-b2bd-9a9565ad8351,2,LENTAG
a0a228e0-cc44-499e-91f6-b02135b0fd5b,BAÑOS,93306471-6ba3-48d2-a3d4-c05180855483,1,BAÑOS
a0a228e0-cc44-499e-91f6-b02135b0fd5b,BAÑOS,487dc5f0-ece9-488a-a5a1-e0ccdce82e11,2,COCHAPAMBA
c9851b8a-7fca-4847-896d-3ceb2fee5e01,BELLAVISTA,null,null,null
9761d962-c508-40bb-b5af-416e4b39567c,BULAN / J. VICTOR IZQUIERDO,null,null,null
8fe244aa-3e6b-4ef2-b517-2bc6d62eed87,CAMILO PONCE ENRIQUEZ,9560da14-e39d-48e5-9291-2c6d26543c11,1,CAMILO PONCE ENRIQUEZ
8fe244aa-3e6b-4ef2-b517-2bc6d62eed87,CAMILO PONCE ENRIQUEZ,d3a165e0-5b84-4b03-9ca0-8a5c86ca97a3,2,ZHUMIRAL
8fe244aa-3e6b-4ef2-b517-2bc6d62eed87,CAMILO PONCE ENRIQUEZ,c32b4bb4-7bc3-4f88-a58c-fb05f42d94cc,3,SAN ALFONSO
8fe244aa-3e6b-4ef2-b517-2bc6d62eed87,CAMILO PONCE ENRIQUEZ,6e0a2a30-f64d-4160-b94b-dff26da2f269,4,SANTA MARTHA
8fe244aa-3e6b-4ef2-b517-2bc6d62eed87,CAMILO PONCE ENRIQUEZ,148c7347-558e-47e8-9267-05be2e40ae3f,5,BELLA RICA
8fe244aa-3e6b-4ef2-b517-2bc6d62eed87,CAMILO PONCE ENRIQUEZ,d88b1cf0-85f7-410d-8e6a-9ab2695a0f28,6,SAN GERARDO
3ab44673-5fe5-41cc-b27f-24529339e642,CAÑARIBAMBA,null,null,null
1994d473-ea2c-419f-bd06-373ac353fdad,CHAUCHA / ANGAS,eaf350b6-72c4-4c6f-952c-b9fcd5065e94,1,CHAUCHA /ANGAS
1994d473-ea2c-419f-bd06-373ac353fdad,CHAUCHA / ANGAS,c9cdc26d-0c19-4165-8308-7297775ef836,2,SAN ANTONIO
1994d473-ea2c-419f-bd06-373ac353fdad,CHAUCHA / ANGAS,f4304d36-6b98-492f-a5b9-8e0d3f27f108,3,CEDRO
1994d473-ea2c-419f-bd06-373ac353fdad,CHAUCHA / ANGAS,5d44fdd6-e5e4-4095-8d83-453e40285854,4,CASCAJO
91b969e3-2076-4501-81ea-0ea752e535c2,CHECA JIDCAY,null,null,null
06ee0a63-5ffe-4472-ad3e-3ced0ab9d247,CHICAN / GUILLERMO ORTEGA,e49d7e1d-2590-4b09-9f53-ea4e718dc53b,1,CHICAN /G. ORTEGA
06ee0a63-5ffe-4472-ad3e-3ced0ab9d247,CHICAN / GUILLERMO ORTEGA,88d46d4e-b9d6-47ac-8a7c-eac65e548dcc,2,UZHUPUD
54df039c-18e4-4860-965a-081a041e5889,CHIQUINTAD,null,null,null
fd4de7c4-a338-46b2-86bd-6ba53cff3728,CHORDELEG,null,null,null
06d6b1da-3ac6-4db3-9f22-8f2051079192,CHUMBLIN,null,null,null
15b871d1-49e6-4291-917d-051c7a60e613,COCHAPATA,ad28c772-7fdc-49a4-bc02-3476923df9cc,1,COCHAPATA
15b871d1-49e6-4291-917d-051c7a60e613,COCHAPATA,3e4164d1-68f7-49d8-b371-0ffa6e9a96a2,2,ÑAMARIN
e0a9f0d1-0682-43bb-94d4-20e6c249132d,CUMBE,null,null,null
94ce8309-3e58-4718-b4b9-86d468864043,CUTCHIL,null,null,null
e418bbe4-821d-4c0c-ac94-a422b8717fb3,DANIEL CORDOVA TORAL,null,null,null
2340d1ae-5312-480f-86d5-2fa2178440e2,DUG-DUG,cd007379-0d52-4632-953a-1aa3fdf92c20,1,DUG - DUG
2340d1ae-5312-480f-86d5-2fa2178440e2,DUG-DUG,b632f5fa-462e-464c-b809-22ecfb3bbf84,2,LAZUL
a2d24426-6d01-4481-858e-7a882936b37a,EL BATAN,null,null,null
3f2ce4c4-c4d1-42d8-a744-56d6d83691cf,EL CABO,null,null,null
fc800d3f-910c-4a35-baf1-9a66da139fa1,EL CARMEN DE PIJILI,null,null,null
058c1377-33fe-4fe2-99c4-16fc2a2ac2d7,EL PAN,null,null,null
8af49ea5-d694-40e0-8572-b3cd0297e650,EL PROGRESO,null,null,null
6e3d5f79-56b6-4d01-ade1-11d2fcc442e2,EL VECINO,d0f86c2d-4102-4ee3-b259-8daa5229c5f9,1,EL VECINO
6e3d5f79-56b6-4d01-ade1-11d2fcc442e2,EL VECINO,8d15b104-4ee4-4513-afd2-591d400282b4,2,MIRAFLORES
6e3d5f79-56b6-4d01-ade1-11d2fcc442e2,EL VECINO,cbd55a38-f0b1-4805-85ce-1c248b5d8014,3,LA CATÓLICA
648f3077-0d3d-4fe5-a406-fefb5c4e003a,GIMA,null,null,null
c274fe87-9721-4424-bdd5-71ea82ca27a7,GIRON,null,null,null
5b6e1607-55ac-4cc6-83a3-dbeb612aacac,GUACHAPALA,98451d50-d5a9-4870-8ddd-926d95447a7c,1,GUACHAPALA
5b6e1607-55ac-4cc6-83a3-dbeb612aacac,GUACHAPALA,fc35355f-5eff-4939-923f-47ad77c48b59,2,SACRE
73ca808e-f1f8-40ac-98aa-786c7edcdaba,GUALACEO,e1dad4b8-44db-4e96-8dbd-9ef4f2d17870,1,GUALACEO
73ca808e-f1f8-40ac-98aa-786c7edcdaba,GUALACEO,3b1e0a55-df46-4a5e-be22-297d813c067f,2,BULLCAY
1df806cc-dbaf-4dc4-8c2e-11231e699c3e,GUARAINAC,7f2b4d34-74e9-4b14-b550-d2b028f545f4,1,GUARAINAC
1df806cc-dbaf-4dc4-8c2e-11231e699c3e,GUARAINAC,62b94922-7cb9-4161-8f5d-b0b28326df0e,2,JUNTAS
1e10a801-583d-4107-b396-07f0d8e58a7a,GUEL,null,null,null
fb2953ef-d754-4274-864e-b8e39c225d20,HERMANO MIGUEL,d151b48c-dd86-45c3-b5e5-feff9221ec16,1,HERMANO MIGUEL
fb2953ef-d754-4274-864e-b8e39c225d20,HERMANO MIGUEL,686a4c64-37c8-4202-8063-1bfc2d8f25b5,2,UNCOVIA
fb2953ef-d754-4274-864e-b8e39c225d20,HERMANO MIGUEL,686f2d82-724a-478b-a760-0f9bb2fd8eaf,3,EL PROGRESO
01b7185e-46dc-40cd-995a-4844e1bd5fa7,HUAYNACAPAC,null,null,null
54fd1d43-a73b-4049-bcd3-7c32f654bb8b,JADAN,9ae3e0cc-4953-40b4-a32a-00e7fd7678bf,1,JADAN
54fd1d43-a73b-4049-bcd3-7c32f654bb8b,JADAN,dc501905-edef-41db-b921-1f37752cf30a,2,SANTA ROSA DE CHICHIN
54fd1d43-a73b-4049-bcd3-7c32f654bb8b,JADAN,052e6297-3e99-4943-b66c-47f75060e969,3,EL CARMEN
580a9685-ef9b-4cde-8700-888c90032d0c,LA UNION,null,null,null
1062c728-0946-4325-a107-2080ca551c9d,LLACAO,null,null,null
818cb734-599a-4b0b-af7d-ba35044726a7,LUDO,a2ca0809-10fa-42f5-9a00-2de682827224,1,LUDO
818cb734-599a-4b0b-af7d-ba35044726a7,LUDO,7aad1c63-9bdc-4733-8de0-b186a9c414be,2,BUENA VISTA
818cb734-599a-4b0b-af7d-ba35044726a7,LUDO,7736fed3-5c53-4e95-97a3-274a7d4a61a4,3,HATOBOLO
818cb734-599a-4b0b-af7d-ba35044726a7,LUDO,e16e3517-97cc-498f-9e33-61d1b0d058e2,4,SERRAG
66a18c62-df0a-40ce-ad09-8e6452ce8169,LUIS CORDERO VEGA,null,null,null
200dd5f1-c287-4f2b-81b4-f04175913836,LUIS GALARZA O. (DELEGSOL),null,null,null
9f8d01f4-2a22-4f2e-a97a-a1a1afffe340,MACHANGARA,5c7a0221-2da5-4deb-beab-f51951fd1ae3,1,MACHÁNGARA
9f8d01f4-2a22-4f2e-a97a-a1a1afffe340,MACHANGARA,bbea7cdf-e4d9-4747-aad4-b9225adf7e5a,2,CAPULISPAMBA
9f8d01f4-2a22-4f2e-a97a-a1a1afffe340,MACHANGARA,a5eb9ff6-a5dd-4198-9776-716af0788a02,3,CHALLUABAMBA MACHANGARA
9f8d01f4-2a22-4f2e-a97a-a1a1afffe340,MACHANGARA,3db346f1-5f18-4da9-870f-0b595ca35863,4,OCHOA LEON
9f8d01f4-2a22-4f2e-a97a-a1a1afffe340,MACHANGARA,5cd07796-ebd8-4f75-b833-75b85bd08d3d,5,QUINTA CHICA
511115a8-4cd7-4f88-9ca2-84bd2954a5c8,MARIANO MORENO/CALLASAY,cf6c6664-d877-437d-a99a-725af1810755,1,MARIANO MORENO/CALLASAY
511115a8-4cd7-4f88-9ca2-84bd2954a5c8,MARIANO MORENO/CALLASAY,489c64ef-95cf-45aa-bcc2-b355b1b5f8fc,2,CERTAG
d0632951-c2bf-4a67-a037-5be23348a313,MOLLETURO,5b2ca73d-1fc9-4ee4-ab38-695ca2d11f8f,1,MOLLETURO
d0632951-c2bf-4a67-a037-5be23348a313,MOLLETURO,a8530c70-384a-4419-9186-a648ec434049,10,CAYMATAN
d0632951-c2bf-4a67-a037-5be23348a313,MOLLETURO,7efe66bd-490a-434b-95ca-20418f223f46,2,JESUS DEL GRAN PODER
d0632951-c2bf-4a67-a037-5be23348a313,MOLLETURO,5af35ef5-a1da-4173-9609-afa90c86018c,3,ZHAGAL
d0632951-c2bf-4a67-a037-5be23348a313,MOLLETURO,1594ef3a-8fef-4e0e-acf1-65de724724ac,4,SAN JOSE DE RECREO
d0632951-c2bf-4a67-a037-5be23348a313,MOLLETURO,1d83eee8-38dd-47cc-87e8-33cee4164582,5,TAMARINDO
d0632951-c2bf-4a67-a037-5be23348a313,MOLLETURO,d02cc9e4-0a93-449a-b50d-3925e4334202,6,AGUAS CALIENTES
d0632951-c2bf-4a67-a037-5be23348a313,MOLLETURO,8dac1b06-684d-48c1-8ec0-f5ddf3611423,7,ESTERO PIEDRA
d0632951-c2bf-4a67-a037-5be23348a313,MOLLETURO,25d0fbb9-43ac-4d0b-b0b8-0a4ec0122830,8,ABDON CALDERÓN
d0632951-c2bf-4a67-a037-5be23348a313,MOLLETURO,7ddcfc6d-a60c-452c-aeee-046f0c0ed2a2,9,FLOR Y SELVA
7c43d25f-fe6f-426a-bbe9-c867ac6c0df1,MONAY,null,null,null
87420866-8947-4d86-aa35-6a3a26e8b3db,MULTI /  NULTI,dfe70251-74e7-444d-94b3-9ce94b15e7d1,1,MULTI /  NULTI
87420866-8947-4d86-aa35-6a3a26e8b3db,MULTI /  NULTI,4e82ee47-253b-484d-9304-2afe301e1a24,2,CHALLUABAMBA NULTI
c5313eb8-e297-4dc8-b23c-9f0102ac48a1,NABON,74de02a9-0154-4aed-aa1b-7f584f989cb2,1,NABON
c5313eb8-e297-4dc8-b23c-9f0102ac48a1,NABON,48fabca4-5100-4f9b-aa07-4af6afe70d0e,2,ZHIÑA
c5313eb8-e297-4dc8-b23c-9f0102ac48a1,NABON,63272c31-0483-4bae-a367-62b4a3812f19,3,RAÑAS
c5313eb8-e297-4dc8-b23c-9f0102ac48a1,NABON,5b85a3d7-1127-4988-990b-7949b9ea9a21,4,CHUNASANA
17d6d7bc-ccab-44f6-b28b-9e7ec8da5f47,NIEVES,65d18012-b449-41fa-97a7-e4a3441f58da,1,LAS NIEVES
17d6d7bc-ccab-44f6-b28b-9e7ec8da5f47,NIEVES,fec03d5c-0f38-4923-a727-cddcaea22dad,2,LA PAZ
0906f81a-37fa-48a2-a4f9-1150cf7fb5bd,OCTAVIO CORDERO PALACIOS,null,null,null
6376f641-aff9-4042-a3ba-bb2584cde85e,OÑA,106e8523-a953-427b-b057-5a789f9c0214,1,OÑA
6376f641-aff9-4042-a3ba-bb2584cde85e,OÑA,2b7c8f1c-d7ec-4205-9462-8d28979f50f1,2,MORAS LOMA
f252dd10-4191-4e3c-8d31-4b90d2228240,PACCHA,null,null,null
fb198ad9-5896-4bca-be44-80de3ef4659f,PALMAS,9e502d21-43e1-49f8-9a02-88d2a98d8312,1,PALMAS
fb198ad9-5896-4bca-be44-80de3ef4659f,PALMAS,6b513de5-07de-4527-aa15-6dc8d1cd2806,2,JURUPILLOS
fb198ad9-5896-4bca-be44-80de3ef4659f,PALMAS,3083da01-3201-4c6c-9e70-1b4b67bf9591,3,SANTA ROSA
9197a3ee-ab8c-4928-964b-2faf8fbb93b2,PAUTE,41cc6d26-faf2-42f0-864d-83499e4e1de6,1,PAUTE
9197a3ee-ab8c-4928-964b-2faf8fbb93b2,PAUTE,7a7f2b28-a110-483d-8662-afa271d699dd,2,VILLAFLOR
9197a3ee-ab8c-4928-964b-2faf8fbb93b2,PAUTE,6f62063b-17a3-4f7c-866f-98c0d5decc21,3,ZHUMIR
729bb385-ab8f-4838-b782-1b2fe95d2f82,PRINCIPAL,null,null,null
c20369ad-b632-418f-8435-f0be2b4a11f6,PUCARA,b1c1e309-0d53-49be-b7ee-e926a90fcb54,1,PUCARA
c20369ad-b632-418f-8435-f0be2b4a11f6,PUCARA,bc73ef0f-8ce8-4ffe-8eb8-21a8e194b5e7,10,SANTA CECILIA
c20369ad-b632-418f-8435-f0be2b4a11f6,PUCARA,6c3b0536-6ae9-4202-9a4a-e84df5aeb807,11,SAN ANTONIO DE ÑUGRO
c20369ad-b632-418f-8435-f0be2b4a11f6,PUCARA,eac6e3c4-5d90-44d3-a614-d3635f7c5366,2,SARAYUNGA
c20369ad-b632-418f-8435-f0be2b4a11f6,PUCARA,da6173e8-a958-4813-a83b-f6a4ff311bc9,3,GRAMALOTE
c20369ad-b632-418f-8435-f0be2b4a11f6,PUCARA,b469acf7-1012-4786-9510-971259d32f74,4,CERRO NEGRO
c20369ad-b632-418f-8435-f0be2b4a11f6,PUCARA,d67472a4-3b1c-48bc-8f4b-1257c8e2dc3c,5,PELINCAY
c20369ad-b632-418f-8435-f0be2b4a11f6,PUCARA,d5d90025-b534-4164-9773-cc6aac020a69,7,CALIGUIÑA
c20369ad-b632-418f-8435-f0be2b4a11f6,PUCARA,1ac402a8-861d-4f11-b87a-4373a1d82abd,8,LA DOLOROSA
c20369ad-b632-418f-8435-f0be2b4a11f6,PUCARA,5af719e4-3300-4535-bbc8-2a9713902c8f,9,LAS PALMAS
7843be29-29d9-4093-a9cc-34115efb096b,QUINGEO,8011de1c-9032-417b-a84d-5bf26d45bd57,1,QUINGEO
7843be29-29d9-4093-a9cc-34115efb096b,QUINGEO,e9a40202-bb47-47a5-b569-8a2c18ddd080,2,MONJAS
7843be29-29d9-4093-a9cc-34115efb096b,QUINGEO,c3f37579-9579-4a13-b5ad-fa41be26e4a6,3,PIRICOCHA
10ec0e14-402e-480b-a4e1-2ae05d37a48c,RAMIREZ DAVALOS,null,null,null
0970a6db-db33-49c1-b5ab-72afd2b6c4a9,REMIGIO CRESPO TORAL,null,null,null
231aa4ce-e2c5-487a-9f16-892efc7126b8,RICAURTE,91d9792d-4416-4ec0-baf0-d6adb14f292f,1,RICAURTE
231aa4ce-e2c5-487a-9f16-892efc7126b8,RICAURTE,059ca50a-25ef-42f1-8497-ee98daff29a0,2,LA DOLOROSA
4ac9ed2e-cebc-493c-ab60-642fc234a221,SAGRARIO,null,null,null
ee936bb7-bf11-4bf9-b384-8a0530a9a6fa,SAN BARTOLOME,65acc160-8937-4dba-9cbe-1e8ce6aefc35,1,SAN BARTOLOMÉ
ee936bb7-bf11-4bf9-b384-8a0530a9a6fa,SAN BARTOLOME,1e45a4af-2057-4208-86ae-c4bcda51562e,2,LA LIBERTAD
ee936bb7-bf11-4bf9-b384-8a0530a9a6fa,SAN BARTOLOME,dad33f51-4764-4083-9823-3fc404df4399,3,SIGSIGLLANO
8aa86df2-9eec-4de8-8de8-05f82cf9f8ed,SAN BLAS,null,null,null
746b4bb9-2e73-4c8f-8737-9f442f0c5d68,SAN CRISTOBAL,96f9623f-2414-4435-bd0c-3cdf21dbfeb9,1,SAN CRISTOBAL
746b4bb9-2e73-4c8f-8737-9f442f0c5d68,SAN CRISTOBAL,b95f28ed-b994-415a-a3aa-3d11e35b4f9d,2,GUACHUN
87610f35-aae2-4312-a1c3-a946bf44557d,SAN FERNANDO,null,null,null
578ee1a4-65e5-4ad6-a6db-7233f1b0a656,SAN GERARDO,null,null,null
1c283ef6-26b1-4a7c-a0cc-27c603b196e8,SAN JOAQUIN,b4ea43a4-0835-4607-96ed-44df1dbcfd05,1,SAN JOAQUIN
1c283ef6-26b1-4a7c-a0cc-27c603b196e8,SAN JOAQUIN,4385d062-63a3-4c09-963e-ba38b762dc09,2,BARABON
4644bd7c-1bff-44af-8111-6a900cc0f432,SAN JOSE DE RARANGA,340ffd51-998f-4844-90ab-83b13d0c5ba6,1,SAN JOSE DE RARANGA
4644bd7c-1bff-44af-8111-6a900cc0f432,SAN JOSE DE RARANGA,627a2018-0907-4b6b-bde7-72eefbcf54f4,2,LA ESMERALDA
f570db3a-a781-432d-bef4-6ad0fec1aabe,SAN JUAN,null,null,null
7504ff73-4bd8-45fc-b3ab-b75a287d9967,SAN MARTIN DE PUZHIO,null,null,null
9c1d6aee-0576-4b4b-b226-4d1daa09bd99,SAN RAFAEL DE SHARUG,3ab51652-06f1-4f15-93b9-899c826a5a9d,1,SAN RAFAEL DE SHARUG
9c1d6aee-0576-4b4b-b226-4d1daa09bd99,SAN RAFAEL DE SHARUG,102194c4-1ff5-47dc-8f04-416dd607531d,2,GUARUMAL
c0eaf215-b1e4-439b-8368-0f166590327a,SAN SALVADOR DE CAÑARIBAMBA,null,null,null
dfdee187-e154-4700-98b8-6edf92e4b95f,SAN SEBASTIAN,0475138f-a759-49d6-9be5-cb8fd585a9ea,1,SAN SEBASTIAN
dfdee187-e154-4700-98b8-6edf92e4b95f,SAN SEBASTIAN,1a9b77cc-b9a1-4104-9547-cbc35286fa7e,2,SAN PEDRO DEL CEBOLLAR
76270f8d-b3d4-4fc0-b9a6-a8e6a7e8d4f1,SAN VICENTE,23a47422-8a4b-4ede-9da0-131f9ad7d88c,1,SAN VICENTE
76270f8d-b3d4-4fc0-b9a6-a8e6a7e8d4f1,SAN VICENTE,e3ec7a19-27e2-493d-b637-92666df05258,2,LA MERCED
76270f8d-b3d4-4fc0-b9a6-a8e6a7e8d4f1,SAN VICENTE,ee7474e4-ec6c-4b46-8cb0-8bfcc2084ff0,3,SANTA TERESITA
46ccec71-18d5-4dcb-85af-2c4c9524a335,SANTA ANA,null,null,null
b9ed501d-16fa-4e34-bad3-617614a0d27e,SANTA ISABEL,34733b25-0cea-4505-9f48-782822454993,1,SANTA ISABEL
b9ed501d-16fa-4e34-bad3-617614a0d27e,SANTA ISABEL,88ba3705-a42e-4abd-9753-61f2bfd71b93,3,JUBONES
0c67f239-d9ff-4210-955e-8dacc299bbbb,SAYAUSI,85d86c05-194c-47a1-af81-45491b96b271,1,SAYAUSI
0c67f239-d9ff-4210-955e-8dacc299bbbb,SAYAUSI,e69bdbb4-8c2b-4bb3-9bba-e0d2b6371f9d,2,SAN MIGUEL
0c67f239-d9ff-4210-955e-8dacc299bbbb,SAYAUSI,ea3e680e-959c-4ca9-868d-de7002601a4d,3,BELLAVISTA
bf57ee29-8c30-4ea0-8707-181571a90784,SEVILLA DE ORO,38b74d2b-2329-43f7-a91a-b5b9dcb6c0dc,1,SEVILLA DE ORO
bf57ee29-8c30-4ea0-8707-181571a90784,SEVILLA DE ORO,37ea9688-aae5-434a-9f3f-62baafd0058d,2,CAIGUAS
bf57ee29-8c30-4ea0-8707-181571a90784,SEVILLA DE ORO,772eca84-d866-48f8-b307-7d5092af10c0,3,CHIMUL
a22a6e84-6ef7-4192-a15d-645d9abed691,SHAGLLI,390729b1-2765-47cc-a642-2f544c80c985,1,SHAGLLI
a22a6e84-6ef7-4192-a15d-645d9abed691,SHAGLLI,db614e92-2924-4947-860d-7e4f64412d53,2,HUERTAS
a22a6e84-6ef7-4192-a15d-645d9abed691,SHAGLLI,b1cd0b6f-6f66-4756-b612-0ab974ca5ba8,3,PUCULCAY
4d5219e7-398b-4bb4-8857-800782975805,SIDCAY,87bea360-a372-4ffb-8c5f-8d0aae91e36d,1,SIDCAY
4d5219e7-398b-4bb4-8857-800782975805,SIDCAY,a5be1850-ef4f-45cb-b184-6a23ba67269c,2,BIBIN
4d5219e7-398b-4bb4-8857-800782975805,SIDCAY,271042d2-57a0-4240-bc08-c8cfe6523d59,3,ALTOS DE MACHANGARA
f46261c6-bcb5-41de-86b4-e1abb21c9742,SIGSIG,acb7bf16-bf7f-4d0f-84ef-15feb3c7f7e5,1,SIGSIG
f46261c6-bcb5-41de-86b4-e1abb21c9742,SIGSIG,3c8e5490-6d68-4ba9-ab69-e7e3293ff5e4,2,PIRUNCAY
1665f667-c4c0-49a9-bc1e-04ab788b56f2,SIMON BOLIVAR,null,null,null
d5947d19-7e67-45ac-8966-f2b7059078b8,SININCAY,dcae529f-ce52-4332-9a74-f6c311ade9e7,1,SININCAY
d5947d19-7e67-45ac-8966-f2b7059078b8,SININCAY,5fa59db9-8f4c-424c-96be-680502794de9,2,CRUCE DEL CARMEN
d5947d19-7e67-45ac-8966-f2b7059078b8,SININCAY,171c2980-efba-4234-b61d-92a1b56d3138,3,SAN JOSE DE BALZAY
7249385a-edd8-4d97-9b4f-2d7e64d99512,SUCRE,null,null,null
6cdd6573-4915-413c-ac20-b9ddba4894f0,SUSUDEL,null,null,null
09570995-2494-4395-98ef-52517cdd61fe,TARQUI,73e66c67-0384-4c8a-9ffa-6e3fee6117ad,1,TARQUI
09570995-2494-4395-98ef-52517cdd61fe,TARQUI,0029d9ab-1f17-488e-9f5e-4eba5e55ea52,2,TUTUPALI BAJO
09570995-2494-4395-98ef-52517cdd61fe,TARQUI,69b37764-4605-4f9d-9ab8-33f0ecc3df8f,3,GULLANZHAPA
0f99a725-fbd7-44e6-80e0-744d80fae080,TOMEBAMBA,null,null,null
d50bd2b7-c5f8-4088-a942-77403ba40b7b,TOTORACOCHA,null,null,null
f568c3af-420f-4da8-af22-bbff6d241279,TURI,null,null,null
1fb17331-02b3-4ff7-9e29-e626147d7858,VALLE,68a0dfd7-c5ae-47cd-87af-804b361abd41,1,VALLE
1fb17331-02b3-4ff7-9e29-e626147d7858,VALLE,7d4b6764-20bb-4918-82ff-4b0e87e85377,2,CHILCAPAMBA
1fb17331-02b3-4ff7-9e29-e626147d7858,VALLE,75c975b6-5fe5-466b-9842-24700242607a,3,GUALALCAY
1fb17331-02b3-4ff7-9e29-e626147d7858,VALLE,a89bba4c-abf0-4ba9-ae83-33eda93c53da,4,SAN ANTONIO DE MALUAY
58a6be5e-ee5a-4582-b68b-ab0d2018876d,VICTORIA DEL PORTETE,null,null,null
02d96235-cfa5-4cf0-85f6-ff6eef892ab7,YANUNCAY,d1d7876d-33c9-4cd6-a9d7-8ee96ad8e76e,1,YANUNCAY
02d96235-cfa5-4cf0-85f6-ff6eef892ab7,YANUNCAY,91a2a056-4ef8-44f5-81b9-421be74546fd,2,MISICATA
02d96235-cfa5-4cf0-85f6-ff6eef892ab7,YANUNCAY,799d06b3-06fd-42bb-b08c-1999f14863e0,3,CDLA SIMON BOLIVAR
fdea62ac-ed45-4af1-854c-db4e581b5ed8,ZHIDMAD,3c2e0e19-7a53-4619-8829-5777ddb9204e,1,ZHIDMAD
fdea62ac-ed45-4af1-854c-db4e581b5ed8,ZHIDMAD,7d122f18-3b37-4de3-99c4-2bed11a15785,2,SAN JOSE DE LALCOTE
