Nombre,Parroquia,Zona,M_Desde,M_Hasta,F_Desde,F_Hasta
UNIDAD EDUCATIVA LIBERTADOR BOLIVAR,8fe244aa-3e6b-4ef2-b517-2bc6d62eed87,c32b4bb4-7bc3-4f88-a58c-fb05f42d94cc,1,1,1,1
UNIDAD EDUCATIVA 5 DE JUNIO,8fe244aa-3e6b-4ef2-b517-2bc6d62eed87,d88b1cf0-85f7-410d-8e6a-9ab2695a0f28,1,1,1,1
ESCUELA DE EDUCACION BASICA EL DIAMANTE,8fe244aa-3e6b-4ef2-b517-2bc6d62eed87,148c7347-558e-47e8-9267-05be2e40ae3f,1,1,1,1
ESCUELA DE EDUCACIÓN BÁSICA 16 DE ENERO,8fe244aa-3e6b-4ef2-b517-2bc6d62eed87,6e0a2a30-f64d-4160-b94b-dff26da2f269,1,1,1,1
UNIDAD EDUCATIVA VÍCTOR GERARDO AGUILAR/ESCUELA VICTOR GERARDO AGUILAR,8fe244aa-3e6b-4ef2-b517-2bc6d62eed87,d3a165e0-5b84-4b03-9ca0-8a5c86ca97a3,1,2,1,3
COLEGIO DE BACHILLERATO PONCE ENRIQUEZ,8fe244aa-3e6b-4ef2-b517-2bc6d62eed87,9560da14-e39d-48e5-9291-2c6d26543c11,1,7,1,7
ESCUELA MIGUEL HEREDIA CRESPO,8fe244aa-3e6b-4ef2-b517-2bc6d62eed87,9560da14-e39d-48e5-9291-2c6d26543c11,8,12,8,12
ESCUELA DE EDUCACION BASICA MERCEDES CRESPO DE VEGA,8fe244aa-3e6b-4ef2-b517-2bc6d62eed87,9560da14-e39d-48e5-9291-2c6d26543c11,17,21,17,20
UNIDAD EDUCATIVA PARTICULAR DIVINO NIÑO,8fe244aa-3e6b-4ef2-b517-2bc6d62eed87,9560da14-e39d-48e5-9291-2c6d26543c11,13,16,13,16
ESCUELA DE EDUCACIÓN BÁSICA 16 DE JULIO,fc800d3f-910c-4a35-baf1-9a66da139fa1,,1,2,1,2
UNIDAD EDUCATIVA CHORDELEG/ COLEGIO NACIONAL CHORDELEG,fd4de7c4-a338-46b2-86bd-6ba53cff3728,,1,6,1,6
ESCUELA DE EDUCACION BASICA SOR MARIA DE SANTO TOMAS ALVARADO,fd4de7c4-a338-46b2-86bd-6ba53cff3728,,7,9,7,11
ESCUELA DE EDUCACIÓN BÁSICA AURELIO BAYAS MARTINEZ,580a9685-ef9b-4cde-8700-888c90032d0c,,1,1,1,2
ESCUELA DE EDUCACIÓN BÁSICA JOAQUIN MARTINEZ,200dd5f1-c287-4f2b-81b4-f04175913836,,1,1,1,2
UNIDAD EDUCATIVA FASAYÑAN,729bb385-ab8f-4838-b782-1b2fe95d2f82,,1,1,1,2
ESCUELA DE EDUCACIÓN GENERAL BÁSICA RAFAEL ROMERO Y CORDERO,7504ff73-4bd8-45fc-b3ab-b75a287d9967,,1,1,1,1
UNIDAD EDUCATIVA ALFONSO CARRION HEREDIA,a0a228e0-cc44-499e-91f6-b02135b0fd5b,93306471-6ba3-48d2-a3d4-c05180855483,18,23,18,23
ESCUELA DE EDUCACIÓN BÁSICA ENRIQUETA CORDERO DAVILA,a0a228e0-cc44-499e-91f6-b02135b0fd5b,93306471-6ba3-48d2-a3d4-c05180855483,11,17,11,17
UNIDAD EDUCATIVA  MANUEL CORDOVA GALARZA,a0a228e0-cc44-499e-91f6-b02135b0fd5b,93306471-6ba3-48d2-a3d4-c05180855483,1,10,1,10
UNIDAD EDUCATIVA BORJA-ESCUELA,a0a228e0-cc44-499e-91f6-b02135b0fd5b,93306471-6ba3-48d2-a3d4-c05180855483,24,31,24,35
ESCUELA DE EDUCACION BASICA MEDARDO NEIRA GARZON,a0a228e0-cc44-499e-91f6-b02135b0fd5b,487dc5f0-ece9-488a-a5a1-e0ccdce82e11,1,1,1,1
ESCUELA DE EDUCACION BASICA FISCOMISIONAL PADRE CARLOS CRESPI,c9851b8a-7fca-4847-896d-3ceb2fee5e01,,1,5,1,5
ESCUELA DE EDUCACION GENERAL BASICA FEDERICO PROAÑO,c9851b8a-7fca-4847-896d-3ceb2fee5e01,,6,10,6,10
UNIDAD EDUCATIVA 3 DE NOVIEMBRE,c9851b8a-7fca-4847-896d-3ceb2fee5e01,,11,14,11,14
"UNIVERSIDAD CATOLICA DE CUENCA FACULTAD DE INGENIERÍA, INDUSTRIA Y CONSTRUCCIÓN",c9851b8a-7fca-4847-896d-3ceb2fee5e01,,15,20,15,20
UNIDAD EDUCATIVA ALBERTO ANDRADE ARIZAGA BRUMEL,c9851b8a-7fca-4847-896d-3ceb2fee5e01,,21,24,21,27
UNIDAD EDUCATIVA CESAR DAVILA ANDRADE / COLEGIO CESAR DAVILA ANDRADE,3ab44673-5fe5-41cc-b27f-24529339e642,,1,5,1,5
UNIDAD EDUCATIVA ZOILA AURORA PALACIOS / ESCUELA ZOILA AURORA PALACIOS,3ab44673-5fe5-41cc-b27f-24529339e642,,6,9,6,9
ESCUELA DE EDUCACION BASICA JULIO ABAD CHICA,3ab44673-5fe5-41cc-b27f-24529339e642,,10,13,10,15
ESCUELA LEONCIO GALLEGOS SOLANO,1994d473-ea2c-419f-bd06-373ac353fdad,5d44fdd6-e5e4-4095-8d83-453e40285854,1,1,1,1
UNIDAD EDUCATIVA SAN GABRIEL DE CHAUCHA,1994d473-ea2c-419f-bd06-373ac353fdad,eaf350b6-72c4-4c6f-952c-b9fcd5065e94,1,2,1,2
ESCUELA FISCAL CORNELIO HIDALGO CASTRO,1994d473-ea2c-419f-bd06-373ac353fdad,f4304d36-6b98-492f-a5b9-8e0d3f27f108,1,1,1,1
ESCUELA DE EDUCACION BASICA ECUADOR AMAZONICO,1994d473-ea2c-419f-bd06-373ac353fdad,c9cdc26d-0c19-4165-8308-7297775ef836,1,1,1,1
UNIDAD EDUCATIVA CHECA/COLEGIO CHECA,91b969e3-2076-4501-81ea-0ea752e535c2,,1,4,1,5
UNIDAD EDUCATIVA CHIQUINTAD / COLEGIO NACIONAL TECNICO CHIQUINTAD,54df039c-18e4-4860-965a-081a041e5889,,1,6,1,7
UNIDAD EDUCATIVA CUMBE / COLEGIO NACIONAL TECNICO DE CUMBE,e0a9f0d1-0682-43bb-94d4-20e6c249132d,,1,5,1,5
ESCUELA DE EDUCACION  BASICA GENERAL GABRIEL ARSENIO ULLAURI,e0a9f0d1-0682-43bb-94d4-20e6c249132d,,6,7,6,9
ESCUELA DE EDUCACION BASICA 12 DE ABRIL,a2d24426-6d01-4481-858e-7a882936b37a,,6,10,6,10
UNIDAD EDUCATIVA MIGUEL MORENO ORDOÑEZ,a2d24426-6d01-4481-858e-7a882936b37a,,11,16,11,16
COLISEO MAYOR JEFFERSON PEREZ,a2d24426-6d01-4481-858e-7a882936b37a,,1,5,1,5
ESCUELA DE EDUCACION BASICA VICTOR MANUEL ALBORNOZ,a2d24426-6d01-4481-858e-7a882936b37a,,17,21,17,22
UNIDAD EDUCATIVA DEL MILENIO MANUEL J CALLE/ COLEGIO MANUEL J CALLE,6e3d5f79-56b6-4d01-ade1-11d2fcc442e2,d0f86c2d-4102-4ee3-b259-8daa5229c5f9,1,7,1,7
UNIDAD EDUCATIVA JUAN MONTALVO,6e3d5f79-56b6-4d01-ade1-11d2fcc442e2,d0f86c2d-4102-4ee3-b259-8daa5229c5f9,36,40,36,40
UNIVERSIDAD POLITECNICA SALESIANA-EDIFICIO MARIO RIZZINI,6e3d5f79-56b6-4d01-ade1-11d2fcc442e2,d0f86c2d-4102-4ee3-b259-8daa5229c5f9,19,23,19,23
UNIDAD EDUCATIVA FRANCISCA DAVILA DE MUÑOZ,6e3d5f79-56b6-4d01-ade1-11d2fcc442e2,d0f86c2d-4102-4ee3-b259-8daa5229c5f9,41,46,41,46
UNIDAD EDUCATIVA ZOILA ESPERANZA PALACIOS/ESCUELA ESPAÑA,6e3d5f79-56b6-4d01-ade1-11d2fcc442e2,d0f86c2d-4102-4ee3-b259-8daa5229c5f9,13,18,13,18
UNIVERSIDAD POLITECNICA- EDIFICIO GUILLERMO MENSI,6e3d5f79-56b6-4d01-ade1-11d2fcc442e2,d0f86c2d-4102-4ee3-b259-8daa5229c5f9,29,35,29,35
ESCUELA DE EDUCACION BASICA REPUBLICA DE CHILE,6e3d5f79-56b6-4d01-ade1-11d2fcc442e2,d0f86c2d-4102-4ee3-b259-8daa5229c5f9,47,51,47,51
ESCUELA DE EDUCACION BASICA MARY CORYLE,6e3d5f79-56b6-4d01-ade1-11d2fcc442e2,d0f86c2d-4102-4ee3-b259-8daa5229c5f9,,,52,56
UNIDAD EDUCATIVA MANUEL J CALLE - COLISEO,6e3d5f79-56b6-4d01-ade1-11d2fcc442e2,d0f86c2d-4102-4ee3-b259-8daa5229c5f9,8,12,8,12
UNIVERSIDAD POLITECNICA DE CUENCA- COLISEO,6e3d5f79-56b6-4d01-ade1-11d2fcc442e2,d0f86c2d-4102-4ee3-b259-8daa5229c5f9,24,28,24,28
UNIDAD EDUCATIVA LUIS ROBERTO BRAVO,6e3d5f79-56b6-4d01-ade1-11d2fcc442e2,cbd55a38-f0b1-4805-85ce-1c248b5d8014,1,1,1,1
UNIDAD EDUCATIVA LUIS MONSALVE POZO,6e3d5f79-56b6-4d01-ade1-11d2fcc442e2,8d15b104-4ee4-4513-afd2-591d400282b4,1,1,1,2
UNIDAD EDUCATIVA CARLOS RIGOBERTO VINTIMILLA,fb2953ef-d754-4274-864e-b8e39c225d20,686f2d82-724a-478b-a760-0f9bb2fd8eaf,1,1,1,1
UNIDAD EDUCATIVA PARTICULAR PIO 12,fb2953ef-d754-4274-864e-b8e39c225d20,686a4c64-37c8-4202-8063-1bfc2d8f25b5,1,2,1,2
UNIDAD EDUCATIVA ISABEL MOSCOSO DAVILA/ESCUELA ISABEL MOSCOSO,fb2953ef-d754-4274-864e-b8e39c225d20,d151b48c-dd86-45c3-b5e5-feff9221ec16,1,9,1,9
ESCUELA DE EDUCACION BASICA HECTOR SEMPERTEGUI GARCIA,fb2953ef-d754-4274-864e-b8e39c225d20,d151b48c-dd86-45c3-b5e5-feff9221ec16,10,13,10,14
UNIDAD EDUCATIVA FE Y ALEGRIA,01b7185e-46dc-40cd-995a-4844e1bd5fa7,,13,18,13,18
ESCUELA DE EDUCACION GENERAL BASICA GABRIELA  MISTRAL,01b7185e-46dc-40cd-995a-4844e1bd5fa7,,8,12,8,12
UNIDAD EDUCATIVA PARTICULAR HERMANO MIGUEL DE LA SALLE,01b7185e-46dc-40cd-995a-4844e1bd5fa7,,1,7,1,7
UNIVERSIDAD DEL AZUAY,01b7185e-46dc-40cd-995a-4844e1bd5fa7,,19,22,19,26
ESCUELA DE EDUCACION BASICA GONZALO S. CORDOVA,1062c728-0946-4325-a107-2080ca551c9d,,1,6,1,6
UNIDAD EDUCATIVA CAZADORES DE LOS RIOS,9f8d01f4-2a22-4f2e-a97a-a1a1afffe340,5c7a0221-2da5-4deb-beab-f51951fd1ae3,1,7,1,7
UNIDAD EDUCATIVA PARTICULAR KENNEDY,9f8d01f4-2a22-4f2e-a97a-a1a1afffe340,5c7a0221-2da5-4deb-beab-f51951fd1ae3,8,12,8,13
CASA COMUNAL OCHOA LEON,9f8d01f4-2a22-4f2e-a97a-a1a1afffe340,3db346f1-5f18-4da9-870f-0b595ca35863,1,1,1,1
UNIDAD EDUCATIVA MARIO RIZINI,9f8d01f4-2a22-4f2e-a97a-a1a1afffe340,5cd07796-ebd8-4f75-b833-75b85bd08d3d,1,1,1,2
UNIDAD EDUCATIVA ENRIQUE MALO ANDRADE,9f8d01f4-2a22-4f2e-a97a-a1a1afffe340,bbea7cdf-e4d9-4747-aad4-b9225adf7e5a,1,1,1,1
BAMBOO LACROSS SCHOOL,9f8d01f4-2a22-4f2e-a97a-a1a1afffe340,a5eb9ff6-a5dd-4198-9776-716af0788a02,1,2,1,2
ESCUELA DE EDUCACION BASICA 15 DE AGOSTO,d0632951-c2bf-4a67-a037-5be23348a313,1d83eee8-38dd-47cc-87e8-33cee4164582,1,1,1,1
UNIDAD EDUCATIVA MOLLETURO/ COLEGIO Y ESCUELA JUAN LEON MERA,d0632951-c2bf-4a67-a037-5be23348a313,5b2ca73d-1fc9-4ee4-ab38-695ca2d11f8f,1,5,1,6
ESCUELA DE EDUCACION BASICA 6 DE ENERO,d0632951-c2bf-4a67-a037-5be23348a313,a8530c70-384a-4419-9186-a648ec434049,1,1,1,1
UNIDAD EDUCATIVA LUZ Y GUIA/ESCUELA 1 DE MAYO,d0632951-c2bf-4a67-a037-5be23348a313,5af35ef5-a1da-4173-9609-afa90c86018c,1,1,1,1
ESCUELA DE EDUCACION BASICA SANTA ANA DE LOS RIOS,d0632951-c2bf-4a67-a037-5be23348a313,d02cc9e4-0a93-449a-b50d-3925e4334202,1,1,1,1
UNIDAD EDUCATIVA ESTERO PIEDRA,d0632951-c2bf-4a67-a037-5be23348a313,8dac1b06-684d-48c1-8ec0-f5ddf3611423,1,1,1,1
UNIDAD EDUCATIVA ABDON CALDERON/ESCUELA FISCAL MIXTA PRIMERO DE ENERO,d0632951-c2bf-4a67-a037-5be23348a313,25d0fbb9-43ac-4d0b-b0b8-0a4ec0122830,1,1,1,1
UNIDAD EDUCATIVA JOSE ISACC GALARZA CARPIO,d0632951-c2bf-4a67-a037-5be23348a313,7ddcfc6d-a60c-452c-aeee-046f0c0ed2a2,1,1,1,1
UNIDAD EDUCATIVA JESÚS DEL GRAN PODER,d0632951-c2bf-4a67-a037-5be23348a313,7efe66bd-490a-434b-95ca-20418f223f46,1,1,1,1
ESCUELA DE EDUCACION BASICA 19 DE MARZO,d0632951-c2bf-4a67-a037-5be23348a313,1594ef3a-8fef-4e0e-acf1-65de724724ac,1,1,1,1
UNIDAD EDUCATIVA DEL MILENIO MANUELA GARAICOA DE CALDERON AULAS COLEGIO,7c43d25f-fe6f-426a-bbe9-c867ac6c0df1,,1,9,1,9
UNIDAD EDUCATIVA MANUELA GARAICOA DE CALDERON-EDIFICIO ADMINISTRATIVO ESCUELA,7c43d25f-fe6f-426a-bbe9-c867ac6c0df1,,14,17,14,17
UNIDAD EDUCATIVA PARTICULAR COREL,7c43d25f-fe6f-426a-bbe9-c867ac6c0df1,,18,19,18,22
UNIDAD EDUCATIVA DEL MILENIO GARAICOA- COLISEO,7c43d25f-fe6f-426a-bbe9-c867ac6c0df1,,10,13,10,13
UNIDAD EDUCATIVA NULTI- ESCUELA MANUEL RAMON BALAREZO,87420866-8947-4d86-aa35-6a3a26e8b3db,dfe70251-74e7-444d-94b3-9ce94b15e7d1,1,7,1,7
UNIDAD EDUCATIVA FRANCISCO EUGENIO TAMARIZ,87420866-8947-4d86-aa35-6a3a26e8b3db,4e82ee47-253b-484d-9304-2afe301e1a24,1,2,1,2
UNIDAD EDUCATIVA SANTA ROSA/ESCUELA EZEQUIEL MARQUEZ,0906f81a-37fa-48a2-a4f9-1150cf7fb5bd,,1,3,1,4
UNIDAD EDUCATIVA PACCHA- ESCUELA FISCAL MIXTA MANUEL CORONEL,f252dd10-4191-4e3c-8d31-4b90d2228240,,1,6,1,8
UNIDAD EDUCATIVA  MONSEÑOR LEONIDAS PROAÑO II,7843be29-29d9-4093-a9cc-34115efb096b,e9a40202-bb47-47a5-b569-8a2c18ddd080,1,1,1,1
UNIDAD EDUCATIVA DEL MILENIO QUINGEO,7843be29-29d9-4093-a9cc-34115efb096b,8011de1c-9032-417b-a84d-5bf26d45bd57,1,7,1,9
UNIDAD EDUCATIVA AMADEO MALDONADO VAZQUEZ,7843be29-29d9-4093-a9cc-34115efb096b,c3f37579-9579-4a13-b5ad-fa41be26e4a6,1,1,1,1
UNIDAD EDUCATIVA SANTA MARIANITA DE JESUS,10ec0e14-402e-480b-a4e1-2ae05d37a48c,,1,5,1,5
UNIDAD EDUCATIVA OCTAVIO CORDERO PALACIOS/COLEGIO OCTAVIO CORDERO,10ec0e14-402e-480b-a4e1-2ae05d37a48c,,11,11,11,15
UNIDAD EDUCATIVA PARTICULAR DOMINICANA SAN LUIS BELTRAN,10ec0e14-402e-480b-a4e1-2ae05d37a48c,,6,10,6,10
UNIDAD EDUCATIVA FISCOMISIONAL DANIEL HERMIDA,10ec0e14-402e-480b-a4e1-2ae05d37a48c,,12,13,16,17
ESCUELA DE EDUCACIÓN BÁSICA ISAAC A. CHICO,231aa4ce-e2c5-487a-9f16-892efc7126b8,91d9792d-4416-4ec0-baf0-d6adb14f292f,8,16,8,16
ESCUELA EDUCACION GENERAL BASICA ESTADOS UNIDOS DE NORTEAMERICA,231aa4ce-e2c5-487a-9f16-892efc7126b8,91d9792d-4416-4ec0-baf0-d6adb14f292f,1,7,1,7
UNIDAD EDUCATIVA PARTICULAR SUDAMERICANO,231aa4ce-e2c5-487a-9f16-892efc7126b8,91d9792d-4416-4ec0-baf0-d6adb14f292f,17,25,17,28
ESCUELA DE EDUCACION BASICA MANUEL MARIA PALACIO BRAVO,231aa4ce-e2c5-487a-9f16-892efc7126b8,059ca50a-25ef-42f1-8497-ee98daff29a0,1,1,1,1
UNIDAD EDUCATIVA SALESIANAS MARIA AUXILIADORA,4ac9ed2e-cebc-493c-ab60-642fc234a221,,6,15,6,15
UNIDAD EDUCATIVA DOLORES J. TORRES,4ac9ed2e-cebc-493c-ab60-642fc234a221,,1,5,1,5
UNIDAD EDUCATIVA LUISA DE JESUS CORDERO,4ac9ed2e-cebc-493c-ab60-642fc234a221,,16,25,16,25
UNIDAD EDUCATIVA PARTICULAR MISIONEROS OBLATOS-INGRESO CALLE BORRERO,4ac9ed2e-cebc-493c-ab60-642fc234a221,,26,28,26,31
ESCUELA DE EDUCACION BASICA MANUELA CAÑIZARES,8aa86df2-9eec-4de8-8de8-05f82cf9f8ed,,17,22,17,22
ESCUELA DE EDUCACION BASICA FISCOMISIONAL SOR TERESA VALSE,8aa86df2-9eec-4de8-8de8-05f82cf9f8ed,,1,7,1,7
ESCUELA DE EDUCACION BASICA LUIS CORDERO CRESPO,8aa86df2-9eec-4de8-8de8-05f82cf9f8ed,,8,16,8,16
UNIDAD EDUCATIVA PARTICULAR CORAZON DE MARIA,8aa86df2-9eec-4de8-8de8-05f82cf9f8ed,,23,25,23,25
UNIVERSIDAD CATOLICA DE CUENCA- UNIDAD ACADEMICA DE CIENCIAS SOCIALES,8aa86df2-9eec-4de8-8de8-05f82cf9f8ed,,26,26,26,31
UNIDAD EDUCATIVA SAN JOAQUIN/ESCUELA RAFAEL MARIA ARIZAGA,1c283ef6-26b1-4a7c-a0cc-27c603b196e8,b4ea43a4-0835-4607-96ed-44df1dbcfd05,1,7,1,7
ESCUELA DE EDUCACION BASICA GENERAL ANTONIO FARFAN,1c283ef6-26b1-4a7c-a0cc-27c603b196e8,b4ea43a4-0835-4607-96ed-44df1dbcfd05,8,12,8,13
UNIDAD EDUCATIVA EDUARDO CRESPO MALO/ESCUELA DE EDUCACION BASICA EDUARDO CRESPO MALO,1c283ef6-26b1-4a7c-a0cc-27c603b196e8,4385d062-63a3-4c09-963e-ba38b762dc09,1,1,1,1
UNIDAD EDUCATIVA ECUADOR,dfdee187-e154-4700-98b8-6edf92e4b95f,0475138f-a759-49d6-9be5-cb8fd585a9ea,11,20,11,20
UNIDAD EDUCATIVA SAGRADOS CORAZONES,dfdee187-e154-4700-98b8-6edf92e4b95f,0475138f-a759-49d6-9be5-cb8fd585a9ea,1,10,1,10
COLEGIO DE BACHILLERATO CIUDAD DE CUENCA,dfdee187-e154-4700-98b8-6edf92e4b95f,0475138f-a759-49d6-9be5-cb8fd585a9ea,31,38,31,38
UNIDAD EDUCATIVA VICTOR GERARDO AGUILAR/ESCUELA REMIGIO CRESPO,dfdee187-e154-4700-98b8-6edf92e4b95f,0475138f-a759-49d6-9be5-cb8fd585a9ea,21,30,21,30
ESCUELA DE EDUCACION BASICA ULISES CHACON,dfdee187-e154-4700-98b8-6edf92e4b95f,0475138f-a759-49d6-9be5-cb8fd585a9ea,39,42,39,42
UNIDAD EDUCATIVA LAS PENCAS,dfdee187-e154-4700-98b8-6edf92e4b95f,0475138f-a759-49d6-9be5-cb8fd585a9ea,43,44,43,50
ESCUELA DE EDUCACION BASICA EMILIO MURILLO,dfdee187-e154-4700-98b8-6edf92e4b95f,1a9b77cc-b9a1-4104-9547-cbc35286fa7e,1,2,1,2
ESCUELA DE EDUCACION BASICA ALFONSO MARIA BORRERO,46ccec71-18d5-4dcb-85af-2c4c9524a335,,1,4,1,5
UNIDAD EDUCATIVA DANIEL HERMIDA,46ccec71-18d5-4dcb-85af-2c4c9524a335,,5,7,6,9
UNIDAD EDUCATIVA DEL MILENIO UEM SAYAUSI,0c67f239-d9ff-4210-955e-8dacc299bbbb,85d86c05-194c-47a1-af81-45491b96b271,1,10,1,10
ESCUELA DE EDUCACION BASICA GENERAL JESUS VASQUEZ OCHOA,0c67f239-d9ff-4210-955e-8dacc299bbbb,85d86c05-194c-47a1-af81-45491b96b271,11,15,11,16
ESCUELA DE EDUCACION BASICA JOAQUIN MALO TAMARIZ,0c67f239-d9ff-4210-955e-8dacc299bbbb,e69bdbb4-8c2b-4bb3-9bba-e0d2b6371f9d,1,1,1,1
CASA COMUNAL BELLAVISTA,0c67f239-d9ff-4210-955e-8dacc299bbbb,ea3e680e-959c-4ca9-868d-de7002601a4d,1,1,1,1
ESCUELA DE EDUCACION BASICA ROSARIO PRIETO DE FARFAN,4d5219e7-398b-4bb4-8857-800782975805,a5be1850-ef4f-45cb-b184-6a23ba67269c,1,1,1,1
ESCUELA DE EDUCACIÓN BASICA MIGUEL PRIETO,4d5219e7-398b-4bb4-8857-800782975805,87bea360-a372-4ffb-8c5f-8d0aae91e36d,1,4,1,5
UNIDAD EDUCATIVA DORA BEATRIZ CANELOS,4d5219e7-398b-4bb4-8857-800782975805,271042d2-57a0-4240-bc08-c8cfe6523d59,1,1,1,1
ESCUELA DE EDUCACION BASICA CAROLINA DE FEBRES CORDERO,d5947d19-7e67-45ac-8966-f2b7059078b8,dcae529f-ce52-4332-9a74-f6c311ade9e7,6,9,6,9
UNIDAD EDUCATIVA SININCAY/ESCUELA JUAN DE DIOS CORRAL,d5947d19-7e67-45ac-8966-f2b7059078b8,dcae529f-ce52-4332-9a74-f6c311ade9e7,1,5,1,5
ESCUELA DE EDUCACION BASICA ALEJANDRO PADILLA VASQUEZ,d5947d19-7e67-45ac-8966-f2b7059078b8,dcae529f-ce52-4332-9a74-f6c311ade9e7,10,12,10,15
UNIDAD EDUCATIVA REYNALDO CHICO GARCIA,d5947d19-7e67-45ac-8966-f2b7059078b8,171c2980-efba-4234-b61d-92a1b56d3138,1,1,1,1
ESCUELA DE EDUCACIÓN GENERAL BASICA PADRE JUAN CARLO,d5947d19-7e67-45ac-8966-f2b7059078b8,5fa59db9-8f4c-424c-96be-680502794de9,1,1,1,2
UNIVERSIDAD DE CUENCA-FILOSOFIA,7249385a-edd8-4d97-9b4f-2d7e64d99512,,6,10,6,10
UNIDAD EDUCATIVA REMIGIO ROMERO Y CORDERO,7249385a-edd8-4d97-9b4f-2d7e64d99512,,28,29,28,33
UNIDAD EDUCATIVA ANTONIO AVILA MALDONADO/COLEGIO ANTONIO AVILA MALDONADO,7249385a-edd8-4d97-9b4f-2d7e64d99512,,16,21,16,21
UNIDAD EDUCATIVA MIGUEL MERCHAN OCHOA,7249385a-edd8-4d97-9b4f-2d7e64d99512,,22,27,22,27
UNIVERSIDAD DE CUENCA - FACULTAD DE PSICOLOGIA,7249385a-edd8-4d97-9b4f-2d7e64d99512,,11,15,11,15
COLEGIO DE BACHILLERATO BENIGNO MALO/COLISEO,7249385a-edd8-4d97-9b4f-2d7e64d99512,,1,5,1,5
UNIDAD EDUCATIVA FAUSTO MOLINA,09570995-2494-4395-98ef-52517cdd61fe,73e66c67-0384-4c8a-9ffa-6e3fee6117ad,1,7,1,7
ESCUELA DE EDUCACION BASICA ALFONSO MORENO MORA,09570995-2494-4395-98ef-52517cdd61fe,73e66c67-0384-4c8a-9ffa-6e3fee6117ad,8,11,8,13
ESCUELA DE EDUCACION BASICA MIGUEL MOROCHO,09570995-2494-4395-98ef-52517cdd61fe,69b37764-4605-4f9d-9ab8-33f0ecc3df8f,1,1,1,1
ESCUELA DE EDUCACION BASICA JUAN CONTRERAS HURTADO,09570995-2494-4395-98ef-52517cdd61fe,0029d9ab-1f17-488e-9f5e-4eba5e55ea52,1,1,1,1
UNIDAD EDUCATIVA HERLINDA TORAL COLISEO,d50bd2b7-c5f8-4088-a942-77403ba40b7b,,1,4,1,4
UNIDAD EDUCATIVA LA INMACULADA,d50bd2b7-c5f8-4088-a942-77403ba40b7b,,18,22,18,22
UNIDAD EDUCATIVA ABELARDO TAMARIZ CRESPO,d50bd2b7-c5f8-4088-a942-77403ba40b7b,,13,17,13,17
UNIDAD EDUCATIVA HERLINDA TORAL MALO AULAS,d50bd2b7-c5f8-4088-a942-77403ba40b7b,,5,12,5,12
UNIDAD EDUCATIVA FISCAL RICARDO MUÑOZ CHAVEZ,d50bd2b7-c5f8-4088-a942-77403ba40b7b,,28,30,28,35
COLISEO POLIDEPORTIVO TOTORACOCHA,d50bd2b7-c5f8-4088-a942-77403ba40b7b,,23,27,23,27
UNIDAD EDUCATIVA TURI,f568c3af-420f-4da8-af22-bbff6d241279,,1,6,1,6
ESCUELA DE EDUCACION BASICA JOSE RAFAEL ARIZAGA,f568c3af-420f-4da8-af22-bbff6d241279,,7,9,7,11
ESCUELA DE EDUCACIÓN BASICA ELOY ALFARO / ESCUELA ELOY ALFARO,1fb17331-02b3-4ff7-9e29-e626147d7858,7d4b6764-20bb-4918-82ff-4b0e87e85377,1,2,1,2
ESCUELA DE EDUCACION BASICA NICOLAS SOJOS JARAMILLO,1fb17331-02b3-4ff7-9e29-e626147d7858,a89bba4c-abf0-4ba9-ae83-33eda93c53da,1,1,1,1
ESCUELA DE EDUCACION BASICA MANUEL GUERRERO,1fb17331-02b3-4ff7-9e29-e626147d7858,68a0dfd7-c5ae-47cd-87af-804b361abd41,8,15,8,15
UNIDAD EDUCATIVA GUILLERMO MENSI,1fb17331-02b3-4ff7-9e29-e626147d7858,68a0dfd7-c5ae-47cd-87af-804b361abd41,1,7,1,7
ESCUELA DE EDUCACION BASICA JOSE TOMAS RENDON SOLANO,1fb17331-02b3-4ff7-9e29-e626147d7858,68a0dfd7-c5ae-47cd-87af-804b361abd41,16,21,16,24
ESCUELA DE EDUCACIÓN  BÁSICA RAMÓN BORRERO,1fb17331-02b3-4ff7-9e29-e626147d7858,75c975b6-5fe5-466b-9842-24700242607a,1,1,1,1
UNIDAD EDUCATIVA DEL MILENIO VICTORIA DEL PORTETE,58a6be5e-ee5a-4582-b68b-ab0d2018876d,,1,6,1,7
ESCUELA DE EDUCACIÓN BÁSICA NICOLÁS SOJOS,02d96235-cfa5-4cf0-85f6-ff6eef892ab7,d1d7876d-33c9-4cd6-a9d7-8ee96ad8e76e,11,15,11,15
UNIDAD EDUCATIVA FISCOMISIONAL TÉCNICO SALESIANO/INSTITUTO TECNICO SUPERIOR SALESIANO,02d96235-cfa5-4cf0-85f6-ff6eef892ab7,d1d7876d-33c9-4cd6-a9d7-8ee96ad8e76e,1,10,1,10
ESCUELA BASICA JOSE MARIA VELASCO IBARRA,02d96235-cfa5-4cf0-85f6-ff6eef892ab7,d1d7876d-33c9-4cd6-a9d7-8ee96ad8e76e,16,19,16,19
ESCUELA DE EDUCACION BASICA IGNACIO ESCANDON,02d96235-cfa5-4cf0-85f6-ff6eef892ab7,d1d7876d-33c9-4cd6-a9d7-8ee96ad8e76e,26,30,26,30
ESCUELA DE EDUCACION BASICA FRANCISCA ARIZAGA TORAL.,02d96235-cfa5-4cf0-85f6-ff6eef892ab7,d1d7876d-33c9-4cd6-a9d7-8ee96ad8e76e,20,25,20,25
UNIDAD EDUCATIVA FRAY VICENTE SOLANO,02d96235-cfa5-4cf0-85f6-ff6eef892ab7,d1d7876d-33c9-4cd6-a9d7-8ee96ad8e76e,31,35,31,35
UNIDAD EDUCATIVA OTTO AROCEMENA GOMEZ,02d96235-cfa5-4cf0-85f6-ff6eef892ab7,d1d7876d-33c9-4cd6-a9d7-8ee96ad8e76e,36,36,36,42
UNIDAD DEL MILENIO FEBRES CORDERO,02d96235-cfa5-4cf0-85f6-ff6eef892ab7,91a2a056-4ef8-44f5-81b9-421be74546fd,1,2,1,2
UNIDAD EDUCATIVA CIUDAD DE CUENCA,02d96235-cfa5-4cf0-85f6-ff6eef892ab7,799d06b3-06fd-42bb-b08c-1999f14863e0,1,2,1,2
UNIDAD EDUCATIVA EL PAN/COLEGIO NACIONAL TECNICO EL PAN,058c1377-33fe-4fe2-99c4-16fc2a2ac2d7,,1,2,1,3
ESCUELA DE EDUCACION BASICA ALFONSO MALO RODRIGUEZ,76270f8d-b3d4-4fc0-b9a6-a8e6a7e8d4f1,e3ec7a19-27e2-493d-b637-92666df05258,1,1,1,1
ESCUELA DE EDUACION BASICA JOSE DOMINGO LAMAR,76270f8d-b3d4-4fc0-b9a6-a8e6a7e8d4f1,23a47422-8a4b-4ede-9da0-131f9ad7d88c,1,1,1,2
CASA COMUNAL,76270f8d-b3d4-4fc0-b9a6-a8e6a7e8d4f1,ee7474e4-ec6c-4b46-8cb0-8bfcc2084ff0,1,1,1,1
UNIDAD EDUCATIVA REMIGIO CRESPO TORAL / COLEGIO REMIGIO CRESPO TORAL,e7a47077-8d21-43cb-bc6f-494792226a9c,e2858a7f-b7c8-4ae9-ac1a-04193f873baf,1,3,1,3
UNIDAD EDUCATIVA BENIGNO JARA,e7a47077-8d21-43cb-bc6f-494792226a9c,cc9b9e1d-8b68-48ef-b2bd-9a9565ad8351,1,1,1,1
UNIDAD EDUCATIVA CIUDAD DE GIRON/COLEGIO CIUDAD DE GIRON,c274fe87-9721-4424-bdd5-71ea82ca27a7,,6,8,6,8
ESCUELA EDUCACION BASICA 27 DE FEBRERO,c274fe87-9721-4424-bdd5-71ea82ca27a7,,1,5,1,5
UNIDAD EDUCATIVA ALEJANDRO ANDRADE CORDERO,c274fe87-9721-4424-bdd5-71ea82ca27a7,,9,12,9,13
ESCUELA DE EDUCACION BASICA AGUSTIN CRESPO HEREDIA,578ee1a4-65e5-4ad6-a6db-7233f1b0a656,,1,1,1,1
CASA COMUNAL DE SACRE/UNIDAD EDUCATIVA FELIPE SERRANO,5b6e1607-55ac-4cc6-83a3-dbeb612aacac,fc35355f-5eff-4939-923f-47ad77c48b59,1,1,1,1
UNIDAD EDUCATIVA GUACHAPALA/ COLEGIO TECNICO GUACHAPALA,5b6e1607-55ac-4cc6-83a3-dbeb612aacac,98451d50-d5a9-4870-8ddd-926d95447a7c,1,4,1,5
ESCUELA DE EDUCACIÓN BÁSICA MARIANO CUEVA,e418bbe4-821d-4c0c-ac94-a422b8717fb3,,1,2,1,2
UNIDAD EDUCATIVA ALFONSO LITUMA/COLEGIO ALFONSO LITUMA CORREA,73ca808e-f1f8-40ac-98aa-786c7edcdaba,e1dad4b8-44db-4e96-8dbd-9ef4f2d17870,12,18,12,18
UNIDAD  EDUCATIVA MIGUEL MALO GONZALEZ,73ca808e-f1f8-40ac-98aa-786c7edcdaba,e1dad4b8-44db-4e96-8dbd-9ef4f2d17870,6,11,6,11
ESCUELA DE EDUCACION BASICA BRASIL,73ca808e-f1f8-40ac-98aa-786c7edcdaba,e1dad4b8-44db-4e96-8dbd-9ef4f2d17870,19,22,19,22
ESCUELA DE EDUCACIÓN BÁSICA MERCEDES DE JESÚS MOLINA,73ca808e-f1f8-40ac-98aa-786c7edcdaba,e1dad4b8-44db-4e96-8dbd-9ef4f2d17870,23,26,23,26
UNIDAD EDUCATIVA SANTO DOMINGO DE GUZMAN,73ca808e-f1f8-40ac-98aa-786c7edcdaba,e1dad4b8-44db-4e96-8dbd-9ef4f2d17870,1,5,1,5
UNIDAD EDUCATIVA GUALACEO,73ca808e-f1f8-40ac-98aa-786c7edcdaba,e1dad4b8-44db-4e96-8dbd-9ef4f2d17870,27,27,27,33
ESCUELA DE EDUCACION BASICA LUIS CORDERO DAVILA,73ca808e-f1f8-40ac-98aa-786c7edcdaba,3b1e0a55-df46-4a5e-be22-297d813c067f,1,1,1,1
ESCUELA DE EDUCACION BASICA TADEO TORRES,54fd1d43-a73b-4049-bcd3-7c32f654bb8b,9ae3e0cc-4953-40b4-a32a-00e7fd7678bf,1,4,1,5
ESCUELA DE EDUCACION BASICA FEDERICO GUERRERO,54fd1d43-a73b-4049-bcd3-7c32f654bb8b,052e6297-3e99-4943-b66c-47f75060e969,1,1,1,1
ESCUELA DE EDUCACION BASICA TERESA MORALES VILLAVICENCIO,54fd1d43-a73b-4049-bcd3-7c32f654bb8b,dc501905-edef-41db-b921-1f37752cf30a,1,1,1,1
ESCUELA DE EDUCACION BASICA REMIGIO ASTUDILLO,66a18c62-df0a-40ce-ad09-8e6452ce8169,,1,1,1,1
UNIDAD EDUCATIVA RIO TOMEBAMBA/COLEGIO NACIONAL RIO TOMEBAMBA,511115a8-4cd7-4f88-9ca2-84bd2954a5c8,cf6c6664-d877-437d-a99a-725af1810755,1,2,1,3
CASA COMUNAL DE CERTAG,511115a8-4cd7-4f88-9ca2-84bd2954a5c8,489c64ef-95cf-45aa-bcc2-b355b1b5f8fc,1,1,1,1
ESCUELA DE EDUCACION BASICA CLUB DE LEONES DE VIRGINIA,0970a6db-db33-49c1-b5ab-72afd2b6c4a9,,1,1,1,1
UNIDAD EDUCATIVA NICANOR AGUILAR MALDONADO,f570db3a-a781-432d-bef4-6ad0fec1aabe,,1,4,1,6
ESCUELA DE EDUCACION BASICA EMILIO MOSCOSO,1665f667-c4c0-49a9-bc1e-04ab788b56f2,,1,1,1,1
UNIDAD EDUCATIVA ZHIDMAD / ESCUELA DE EDUCACIÓN BÁSICA TOMÁS ORDÓÑEZ,fdea62ac-ed45-4af1-854c-db4e581b5ed8,3c2e0e19-7a53-4619-8829-5777ddb9204e,1,3,1,4
ESCUELA DE EDUCACION BASICA JOSE MARIA LOPEZ,fdea62ac-ed45-4af1-854c-db4e581b5ed8,7d122f18-3b37-4de3-99c4-2bed11a15785,1,1,1,1
UNIDAD EDUCATIVA LEON VIVAR/ESCUELA DE EDUCACION BASICA ANDRES BELTRAN,15b871d1-49e6-4291-917d-051c7a60e613,ad28c772-7fdc-49a4-bc02-3476923df9cc,1,3,1,3
ESCUELA DE EDUCACION BASICA MANUEL ULPIANO ARIZAGA,15b871d1-49e6-4291-917d-051c7a60e613,3e4164d1-68f7-49d8-b371-0ffa6e9a96a2,1,1,1,1
UNIDAD EDUCATIVA EL PROGRESO\ENRIQUE ARIZAGA TORAL,8af49ea5-d694-40e0-8572-b3cd0297e650,,1,2,1,2
UNIDAD EDUCATIVA NABON/ ESCUELA DE EDUCACIÓN BÁSICA AGUSTÍN J PERALTA,c5313eb8-e297-4dc8-b23c-9f0102ac48a1,74de02a9-0154-4aed-aa1b-7f584f989cb2,1,7,1,7
UNIDAD EDUCATIVA NABON,c5313eb8-e297-4dc8-b23c-9f0102ac48a1,74de02a9-0154-4aed-aa1b-7f584f989cb2,8,10,8,12
UNIDAD EDUCATIVA BALTAZAR AGUIRRE,c5313eb8-e297-4dc8-b23c-9f0102ac48a1,5b85a3d7-1127-4988-990b-7949b9ea9a21,1,1,1,1
UNIDAD EDUCATIVA FRANCISCO CHICO PACHECO,c5313eb8-e297-4dc8-b23c-9f0102ac48a1,48fabca4-5100-4f9b-aa07-4af6afe70d0e,1,1,1,1
UNIDAD EDUCATIVA COMUNUTARIA INTERCULTURAL BILINGUE /ESCUELA DE EDUCACION INTERCULTURAL BILINGUE BÁSICA CESAR AGUSTIN MOROCHO,c5313eb8-e297-4dc8-b23c-9f0102ac48a1,63272c31-0483-4bae-a367-62b4a3812f19,1,1,1,1
ESCUELA DE EDUCACION BASICA JUAN BAUTISTA DÁVILA,17d6d7bc-ccab-44f6-b28b-9e7ec8da5f47,65d18012-b449-41fa-97a7-e4a3441f58da,1,1,1,1
UNIDAD EDUCATIVA LA PAZ,17d6d7bc-ccab-44f6-b28b-9e7ec8da5f47,fec03d5c-0f38-4923-a727-cddcaea22dad,1,1,1,1
ESCUELA DE EDUCACIÓN BÁSICA EMILIO AREVALO,6376f641-aff9-4042-a3ba-bb2584cde85e,2b7c8f1c-d7ec-4205-9462-8d28979f50f1,1,1,1,1
UNIDAD EDUCATIVA OÑA/ COLEGIO NACIONAL OÑA,6376f641-aff9-4042-a3ba-bb2584cde85e,106e8523-a953-427b-b057-5a789f9c0214,1,4,1,4
UNIDAD EDUCATIVA SUSUDEL/COLEGIO NACIONAL SUSUDEL,6cdd6573-4915-413c-ac20-b9ddba4894f0,,1,1,1,2
ESCUELA DE EDUCACION BASICA HONORATO LOYOLA,9761d962-c508-40bb-b5af-416e4b39567c,,1,2,1,2
ESCUELA DE EDUCACION BASICA MODESTO VINTIMILLA,06ee0a63-5ffe-4472-ad3e-3ced0ab9d247,88d46d4e-b9d6-47ac-8a7c-eac65e548dcc,1,1,1,1
UNIDAD EDUCATIVA MANUEL J CALLE,06ee0a63-5ffe-4472-ad3e-3ced0ab9d247,e49d7e1d-2590-4b09-9f53-ea4e718dc53b,1,2,1,3
CASA COMUNAL LAZUL,2340d1ae-5312-480f-86d5-2fa2178440e2,b632f5fa-462e-464c-b809-22ecfb3bbf84,1,1,1,1
ESCUELA DE EDUCACION BASICA  JOSE DE LA VEGA,2340d1ae-5312-480f-86d5-2fa2178440e2,cd007379-0d52-4632-953a-1aa3fdf92c20,1,1,1,2
UNIDAD EDUCATIVA  ATENAS DEL ECUADOR/ESCUELA ANTONIO VEGA MUNOZ,3f2ce4c4-c4d1-42d8-a744-56d6d83691cf,,1,2,1,3
UNIDAD EDUCATIVA SAN PABLO DE GUARAINAC/COLEGIO LUIS VEGA GARIDO,1df806cc-dbaf-4dc4-8c2e-11231e699c3e,7f2b4d34-74e9-4b14-b550-d2b028f545f4,1,1,1,1
CASA COMUNAL DE JUNTAS,1df806cc-dbaf-4dc4-8c2e-11231e699c3e,62b94922-7cb9-4161-8f5d-b0b28326df0e,1,1,1,1
ESCUELA DE EDUCACIÓN BÁSICA CORNELIO MOSQUERA LOPEZ,9197a3ee-ab8c-4928-964b-2faf8fbb93b2,7a7f2b28-a110-483d-8662-afa271d699dd,1,1,1,1
ESCUELA DE EDUCACION BASICA FRANCISCO  ALVARADO COBOS,9197a3ee-ab8c-4928-964b-2faf8fbb93b2,6f62063b-17a3-4f7c-866f-98c0d5decc21,1,1,1,1
UNIDAD EDUCATIVA 26 DE FEBRERO / ESCUELA SIMÓN BOLIVAR,9197a3ee-ab8c-4928-964b-2faf8fbb93b2,41cc6d26-faf2-42f0-864d-83499e4e1de6,6,12,6,12
ESCUELA DE EDUCACIÓN BÁSICA ISIDRO AYORA,9197a3ee-ab8c-4928-964b-2faf8fbb93b2,41cc6d26-faf2-42f0-864d-83499e4e1de6,1,5,1,5
UNIDAD EDUCATIVA CIUDAD DE PAUTE,9197a3ee-ab8c-4928-964b-2faf8fbb93b2,41cc6d26-faf2-42f0-864d-83499e4e1de6,13,18,13,21
UNIDAD EDUCATIVA PIO BRAVO / ESCUELA DE EDUCACIÓN BÁSICA PIO BRAVO,746b4bb9-2e73-4c8f-8737-9f442f0c5d68,96f9623f-2414-4435-bd0c-3cdf21dbfeb9,1,2,1,3
ESCUELA DE EDUCACIÓN BÁSICA ALBERTO MARÍA ANDRADE,746b4bb9-2e73-4c8f-8737-9f442f0c5d68,b95f28ed-b994-415a-a3aa-3d11e35b4f9d,1,1,1,1
ESCUELA DE EDUCACION BASICA ANTONIO MORALES,0f99a725-fbd7-44e6-80e0-744d80fae080,,1,2,1,2
ESCUELA DE EDUCACION BASICA PELINCAY,c20369ad-b632-418f-8435-f0be2b4a11f6,d67472a4-3b1c-48bc-8f4b-1257c8e2dc3c,1,1,1,1
UNIDAD EDUCATIVA FEDERICO GONZALEZ SUAREZ/ESCUELA DE EDUCACIÓN BÁSICA FEDERICO GONZALEZ SUAREZ,c20369ad-b632-418f-8435-f0be2b4a11f6,1ac402a8-861d-4f11-b87a-4373a1d82abd,1,1,1,1
ESCUELA DE EDUCACION BASICA ALBERTO DURAN CHICA,c20369ad-b632-418f-8435-f0be2b4a11f6,6c3b0536-6ae9-4202-9a4a-e84df5aeb807,1,1,1,1
ESCUELA DE EDUCACIÓN BÁSICA PROVINCIA DEL AZUAY,c20369ad-b632-418f-8435-f0be2b4a11f6,5af719e4-3300-4535-bbc8-2a9713902c8f,1,1,1,1
ESCUELA DE EDUCACIÓN BÁSICA RAMÓN MORALES VALDIVIESO,c20369ad-b632-418f-8435-f0be2b4a11f6,bc73ef0f-8ce8-4ffe-8eb8-21a8e194b5e7,1,1,1,1
UNIDAD EDUCATIVA SARAYUNGA,c20369ad-b632-418f-8435-f0be2b4a11f6,eac6e3c4-5d90-44d3-a614-d3635f7c5366,1,1,1,2
ESCUELA DE EDUCACIÓN BÁSICA GRAMALOTE,c20369ad-b632-418f-8435-f0be2b4a11f6,da6173e8-a958-4813-a83b-f6a4ff311bc9,1,1,1,1
UNIDAD EDUCATIVA PUCARA/ESCUELA JUAN DE VELASCO,c20369ad-b632-418f-8435-f0be2b4a11f6,b1c1e309-0d53-49be-b7ee-e926a90fcb54,1,7,1,7
ESCUELA DE EDUCACION BASICA DR. ALFREDO PEREZ GUERRERO,c20369ad-b632-418f-8435-f0be2b4a11f6,d5d90025-b534-4164-9773-cc6aac020a69,1,1,1,1
UNIDAD EDUCATIVA CORNELIO VELEZ,c20369ad-b632-418f-8435-f0be2b4a11f6,b469acf7-1012-4786-9510-971259d32f74,1,1,1,1
ESCUELA DE EDUCACION BASICA GUARUMAL,9c1d6aee-0576-4b4b-b226-4d1daa09bd99,102194c4-1ff5-47dc-8f04-416dd607531d,1,1,1,1
UNIDAD EDUCATIVA SAN RAFAEL DE SHARUG / ESCUELA FAE,9c1d6aee-0576-4b4b-b226-4d1daa09bd99,3ab51652-06f1-4f15-93b9-899c826a5a9d,1,2,1,2
ESCUELA DE EDUCACION BASICA VICTOR ALVAREZ TORRES,06d6b1da-3ac6-4db3-9f22-8f2051079192,,1,1,1,1
ESCUELA DE EDUCACION BASICA JUAN GIRON SANCHEZ,87610f35-aae2-4312-a1c3-a946bf44557d,,1,4,1,5
UNIDAD EDUCATIVA JAIME ROLDOS AGUILERA/COLEGIO JAIME ROLDOS AGUILERA,ad9bf350-e51b-4562-acb9-b383933d55fb,,1,4,1,4
ESCUELA DE EDUCACIÓN GENERAL BASICA EMILIANO HINOSTROZA,c0eaf215-b1e4-439b-8368-0f166590327a,,1,1,1,1
UNIDAD EDUCATIVA SANTA ISABEL/COLEGIO SANTA ISABEL,b9ed501d-16fa-4e34-bad3-617614a0d27e,34733b25-0cea-4505-9f48-782822454993,6,11,6,11
ESCUELA DE EDUCACIÓN BÁSICA FERNANDO DE ARAGÓN,b9ed501d-16fa-4e34-bad3-617614a0d27e,34733b25-0cea-4505-9f48-782822454993,1,5,1,5
ESCUELA DE EDUCACION BASICA VEINTE DE ENERO,b9ed501d-16fa-4e34-bad3-617614a0d27e,34733b25-0cea-4505-9f48-782822454993,12,15,12,15
UNIDAD EDUCATIVA LA IMACULADA,b9ed501d-16fa-4e34-bad3-617614a0d27e,34733b25-0cea-4505-9f48-782822454993,16,16,16,18
ESCUELA DE EDUCACION BASICA RAFAEL VINTIMILLA JARA,b9ed501d-16fa-4e34-bad3-617614a0d27e,88ba3705-a42e-4abd-9753-61f2bfd71b93,1,1,1,1
UNIDAD EDUCATIVA SAN ALFONSO DE PUCULCAY,a22a6e84-6ef7-4192-a15d-645d9abed691,b1cd0b6f-6f66-4756-b612-0ab974ca5ba8,1,1,1,1
ESCUELA BENJAMÍN CARRIÓN,a22a6e84-6ef7-4192-a15d-645d9abed691,db614e92-2924-4947-860d-7e4f64412d53,1,1,1,1
UNIDAD EDUCATIVA SAN PEDRO DE SHAGLLI/ESCUELA PEDRO UNDA,a22a6e84-6ef7-4192-a15d-645d9abed691,390729b1-2765-47cc-a642-2f544c80c985,1,2,1,2
CASA COMUNAL DE SANTA RITA/ESCUELA RAFAEL LARRIVA CUESTA,beb1efa4-2048-438e-b5da-ddd57d9b52f9,2b0f771a-4dc8-47b3-9a05-d02e09df1d68,1,1,1,1
UNIDAD EDUCATIVA JUVENTINO VELEZ\ESCUELA JUVENTINO VELEZ,beb1efa4-2048-438e-b5da-ddd57d9b52f9,853dcd70-fc01-4610-abd5-de5627ef8dc2,1,1,1,1
ESCUELA DOLORES GOMEZ LEÓN,fb198ad9-5896-4bca-be44-80de3ef4659f,6b513de5-07de-4527-aa15-6dc8d1cd2806,1,1,1,1
CASA COMUNAL DE SANTA ROSA,fb198ad9-5896-4bca-be44-80de3ef4659f,3083da01-3201-4c6c-9e70-1b4b67bf9591,1,1,1,1
UNIDAD EDUCATIVA LAS PALMAS / COLEGIO NACIONAL TÉCNICO LAS PALMAS,fb198ad9-5896-4bca-be44-80de3ef4659f,9e502d21-43e1-49f8-9a02-88d2a98d8312,1,3,1,3
ESCUELA DE EDUCACIÓN BASICA PADRE ALBINO DEL CURTO,bf57ee29-8c30-4ea0-8707-181571a90784,772eca84-d866-48f8-b307-7d5092af10c0,1,1,1,1
CASA COMUNAL DE CAIGUAS/ESCUELA MAX  PALACIOS,bf57ee29-8c30-4ea0-8707-181571a90784,37ea9688-aae5-434a-9f3f-62baafd0058d,1,1,1,1
UNIDAD EDUCATIVA SEVILLA DE ORO/COLEGIO ALFONSO MORENO MORA,bf57ee29-8c30-4ea0-8707-181571a90784,38b74d2b-2329-43f7-a91a-b5b9dcb6c0dc,1,3,1,3
ESCUELA DE EDUCACIÓN BÁSICA ERNESTO LOPEZ,94ce8309-3e58-4718-b4b9-86d468864043,,1,2,1,2
UNIDAD EDUCATIVA JIMA/ ESCUELA DE EDUCACION BASICA REMIGIO ESTEVEZ DE TORAL,648f3077-0d3d-4fe5-a406-fefb5c4e003a,,1,4,1,5
ESCUELA DE EDUCACION BASICA JOSE FELIX GONZALEZ,1e10a801-583d-4107-b396-07f0d8e58a7a,,1,1,1,2
ESCUELA DE EDUCACION BASICA LUIS BENIGNO TORRES,818cb734-599a-4b0b-af7d-ba35044726a7,7aad1c63-9bdc-4733-8de0-b186a9c414be,1,1,1,1
ESCUELA DE EDUCACION BASICA MANUEL J. SALCEDO,818cb734-599a-4b0b-af7d-ba35044726a7,7736fed3-5c53-4e95-97a3-274a7d4a61a4,1,1,1,1
CASA COMUNAL DE SERRAG,818cb734-599a-4b0b-af7d-ba35044726a7,e16e3517-97cc-498f-9e33-61d1b0d058e2,1,1,1,1
UNIDAD EDUCATIVA AGUSTIN IGLESIAS/ESCUELA AGUSTÍN IGLESIAS,818cb734-599a-4b0b-af7d-ba35044726a7,a2ca0809-10fa-42f5-9a00-2de682827224,1,3,1,4
UNIDAD EDUCATIVA JUAN BAUTISTA VASQUEZ,ee936bb7-bf11-4bf9-b384-8a0530a9a6fa,dad33f51-4764-4083-9823-3fc404df4399,1,1,1,1
CASA COMUNA  / EX ESCUELA DE EDUCACION BASICA EDMUNDO MALDONADO,ee936bb7-bf11-4bf9-b384-8a0530a9a6fa,1e45a4af-2057-4208-86ae-c4bcda51562e,1,1,1,1
UNIDAD EDUCATIVA SAN BARTOLOMÉ / ESCUELA MIGUEL MORENO,ee936bb7-bf11-4bf9-b384-8a0530a9a6fa,65acc160-8937-4dba-9cbe-1e8ce6aefc35,1,3,1,5
ESCUELA DE EDUCACIÓN BÁSICA 5 DE NOVIEMBRE,4644bd7c-1bff-44af-8111-6a900cc0f432,627a2018-0907-4b6b-bde7-72eefbcf54f4,1,1,1,1
UNIDAD EDUCATIVA SAN JOSE DE RARANGA / ESCUELA ISAAC MARIA PEÑA,4644bd7c-1bff-44af-8111-6a900cc0f432,340ffd51-998f-4844-90ab-83b13d0c5ba6,1,2,1,3
ESCUELA DE EDUCACIÓN BÁSICA CARMEN ADELA CARDENAS,f46261c6-bcb5-41de-86b4-e1abb21c9742,3c8e5490-6d68-4ba9-ab69-e7e3293ff5e4,1,1,1,1
ESCUELA DE EDUCACIÓN BÁSICA DOMINGO SAVIO,f46261c6-bcb5-41de-86b4-e1abb21c9742,acb7bf16-bf7f-4d0f-84ef-15feb3c7f7e5,1,5,1,5
UNIDAD EDUCATIVA SIGSIG,f46261c6-bcb5-41de-86b4-e1abb21c9742,acb7bf16-bf7f-4d0f-84ef-15feb3c7f7e5,6,12,6,12
UNIDAD EDUCATIVA FISCOMISIONAL MARIA MAZZARELLO,f46261c6-bcb5-41de-86b4-e1abb21c9742,acb7bf16-bf7f-4d0f-84ef-15feb3c7f7e5,13,13,13,17
